{"cameraMode":{"drawMode":0,"name":"Shaded","section":"Shading Mode"},"sceneLighting":true,"audioPlay":false,"sceneViewState":{"m_AlwaysRefresh":false,"showFog":true,"showSkybox":true,"showFlares":true,"showImageEffects":true,"showParticleSystems":true,"showVisualEffectGraphs":true,"m_FxEnabled":true},"in2DMode":false,"pivot":{"x":6.649998664855957,"y":3.5018110275268556,"z":-0.0038507580757141115},"rotation":{"x":-0.30292803049087527,"y":0.19595064222812653,"z":-0.06262234598398209,"w":-0.9308655261993408},"size":0.8862707614898682,"orthographic":false}