{"cameraMode":{"drawMode":0,"name":"Shaded","section":"Shading Mode"},"sceneLighting":true,"audioPlay":false,"sceneViewState":{"showFog":true,"showMaterialUpdate":false,"showSkybox":true,"showFlares":true,"showImageEffects":true,"showParticleSystems":true},"in2DMode":false,"pivot":{"x":19.026243209838868,"y":-7.070143699645996,"z":12.290767669677735},"rotation":{"x":-0.25374677777290347,"y":-0.3963553011417389,"z":0.1149710938334465,"w":-0.8748239874839783},"size":23.91475486755371,"orthographic":false}