{"cameraMode":{"drawMode":0,"name":"Shaded","section":"Shading Mode"},"sceneLighting":true,"audioPlay":false,"sceneViewState":{"showFog":true,"showMaterialUpdate":false,"showSkybox":false,"showFlares":true,"showImageEffects":true,"showParticleSystems":true},"in2DMode":false,"pivot":{"x":-14.532997131347657,"y":-23.565216064453126,"z":71.72673034667969},"rotation":{"x":0.19640928506851197,"y":-0.10712554305791855,"z":0.02163596637547016,"w":0.9744517207145691},"size":87.19889068603516,"orthographic":false}