{"cameraMode":{"drawMode":0,"name":"Shaded","section":"Shading Mode"},"sceneLighting":true,"audioPlay":false,"sceneViewState":{"showFog":true,"showMaterialUpdate":false,"showSkybox":false,"showFlares":true,"showImageEffects":true,"showParticleSystems":true},"in2DMode":false,"pivot":{"x":4.075554847717285,"y":1.7959457635879517,"z":10.053634643554688},"rotation":{"x":-0.135448157787323,"y":-0.6839230060577393,"z":0.13147591054439546,"w":-0.7047492265701294},"size":3.1416585445404054,"orthographic":false}