{"cameraMode":{"drawMode":0,"name":"Shaded","section":"Shading Mode"},"sceneLighting":true,"audioPlay":false,"sceneViewState":{"showFog":true,"showMaterialUpdate":false,"showSkybox":false,"showFlares":true,"showImageEffects":true,"showParticleSystems":true},"in2DMode":false,"pivot":{"x":0.525934100151062,"y":3.8471486568450929,"z":18.648242950439454},"rotation":{"x":-0.11008985340595246,"y":-0.040831126272678378,"z":0.004496089648455381,"w":-0.9931275844573975},"size":9.260601997375489,"orthographic":false}